title,url,seen_date,domain,language,source_country,social_image,matched_region,query,canonical_url,normalized_title
Singapore ready to help Indonesia in fight against forest fires amid worsening haze : Grace Fu,https://www.asiaone.com/singapore/singapore-haze-grace-fu-ready-help-indonesia,2026-10-10 06:45:00+00:00,asiaone.com,English,Singapore,https://www.asiaone.com/sites/default/files/styles/article_top_image/public/original_images/Oct2026/20261010_Grace%20Fu%20on%20Haze_Jasper_3.jpg?itok=asix6Pu4,Singapore,"(haze OR smog OR jerebu OR karhutla OR ""forest fire"" OR wildfire OR ""PM2.5"" OR หมอกควัน OR ไฟป่า OR ""khói mù"" OR ""cháy rừng"") sourcecountry:singapore",https://www.asiaone.com/singapore/singapore-haze-grace-fu-ready-help-indonesia,singapore ready to help indonesia in fight against forest fires amid worsening haze grace fu
Lung cancer rising among never - smokers ; role of PM2 . 5 exposure being studied : Ong Ye Kung,https://www.asiaone.com:443/singapore/lung-cancer-rising-incidence-never-smokers-pm25-exposure-ong-ye-kung,2026-10-08 05:30:00+00:00,asiaone.com,English,Singapore,https://media.asiaone.com/sites/default/files/styles/article_top_image/public/original_images/Oct2026/Lung%20cancer%20trends%20in%20never-smokers%20and%20PM2.5%20effect.png?itok=nfwYyfh8,Singapore,"(haze OR smog OR jerebu OR karhutla OR ""forest fire"" OR wildfire OR ""PM2.5"" OR หมอกควัน OR ไฟป่า OR ""khói mù"" OR ""cháy rừng"") sourcecountry:singapore",https://www.asiaone.com:443/singapore/lung-cancer-rising-incidence-never-smokers-pm25-exposure-ong-ye-kung,lung cancer rising among never smokers role of pm2 5 exposure being studied ong ye kung
Haze watch : PSI remains in moderate range across Singapore,https://www.asiaone.com/singapore/haze-singapore-psi-2-october-moderate,2026-10-02 05:30:00+00:00,asiaone.com,English,Singapore,https://www.asiaone.com/sites/default/files/styles/article_top_image/public/original_images/Oct2026/Singapore%20PSI%20moderate%202%20october.png?itok=WJyV5ewQ,Singapore,"(haze OR smog OR jerebu OR karhutla OR ""forest fire"" OR wildfire OR ""PM2.5"" OR หมอกควัน OR ไฟป่า OR ""khói mù"" OR ""cháy rừng"") sourcecountry:singapore",https://www.asiaone.com/singapore/haze-singapore-psi-2-october-moderate,haze watch psi remains in moderate range across singapore
Hành trình hồi sinh những cánh rừng ở Tà Đùng,https://tienphong.vn/hanh-trinh-hoi-sinh-nhung-canh-rung-o-ta-dung-post1881370.tpo,2026-10-02 04:30:00+00:00,tienphong.vn,Vietnamese,Vietnam,https://cdn.tienphong.vn/images/vfxVTqNZg61oqW4AULbiy_i_8wKcQQGM8J6NViKSYUEmNWU8fr9bEpYMvF74U9XNcU74WhWYbhLshmxTZhoJPQ/img-4876.jpg.webp,Vietnam,"(haze OR smog OR jerebu OR karhutla OR ""forest fire"" OR wildfire OR ""PM2.5"" OR หมอกควัน OR ไฟป่า OR ""khói mù"" OR ""cháy rừng"") sourcecountry:vietnam",https://tienphong.vn/hanh-trinh-hoi-sinh-nhung-canh-rung-o-ta-dung-post1881370.tpo,h nh tr nh h i sinh nh ng c nh r ng t ng
"சிங்கப்பூரின் வறண்ட நிலை இன்னும் ஒரு மாதம் நீடிக்கலாம் என முன்னுரைப்பு , உல‌க‌ம் செய்திகள் - தமிழ் முரசு World News in Tamil , Tamil Murasu",https://www.tamilmurasu.com.sg/world/singapores-dry-spell-forecast-last-another-month,2026-10-02 04:00:00+00:00,tamilmurasu.com.sg,Tamil,Singapore,https://cassette.sphdigital.com.sg/image/tamilmurasu/5900acd4783cafcbd913828d146ae5e4e56f544970a067533a9c2beb120609d4,Singapore,"(haze OR smog OR jerebu OR karhutla OR ""forest fire"" OR wildfire OR ""PM2.5"" OR หมอกควัน OR ไฟป่า OR ""khói mù"" OR ""cháy rừng"") sourcecountry:singapore",https://www.tamilmurasu.com.sg/world/singapores-dry-spell-forecast-last-another-month,world news in tamil tamil murasu
"Jerebu berterusan , strategi padam kebakaran hutan dinilai semula",https://www.utusan.com.my/luar-negara/2026/10/jerebu-berterusan-strategi-padam-kebakaran-hutan-dinilai-semula/,2026-10-02 04:00:00+00:00,utusan.com.my,Malay,Malaysia,https://www.utusan.com.my/wp-content/uploads/2026/10/34-2-2-api.jpg,Malaysia,"(haze OR smog OR jerebu OR karhutla OR ""forest fire"" OR wildfire OR ""PM2.5"" OR หมอกควัน OR ไฟป่า OR ""khói mù"" OR ""cháy rừng"") sourcecountry:malaysia",https://www.utusan.com.my/luar-negara/2026/10/jerebu-berterusan-strategi-padam-kebakaran-hutan-dinilai-semula,jerebu berterusan strategi padam kebakaran hutan dinilai semula
"Debaran menanti 30 , 000 peserta KL Marathon pukul 4 petang ini",https://www.utusan.com.my/nasional/2026/10/debaran-menanti-30000-peserta-kl-marathon-pukul-4-petang-ini/,2026-10-02 04:00:00+00:00,utusan.com.my,Malay,Malaysia,https://www.utusan.com.my/wp-content/uploads/2026/10/825281920_10241683064907168_5031446692219733372_n.jpg,Malaysia,"(haze OR smog OR jerebu OR karhutla OR ""forest fire"" OR wildfire OR ""PM2.5"" OR หมอกควัน OR ไฟป่า OR ""khói mù"" OR ""cháy rừng"") sourcecountry:malaysia",https://www.utusan.com.my/nasional/2026/10/debaran-menanti-30000-peserta-kl-marathon-pukul-4-petang-ini,debaran menanti 30 000 peserta kl marathon pukul 4 petang ini
"Thái Nguyên phát hiện , lập hồ sơ 206 vụ vi phạm về lâm sản",https://baomoi.com/thai-nguyen-phat-hien-lap-ho-so-206-vu-vi-pham-ve-lam-san-c56179060.epi,2026-10-02 03:15:00+00:00,baomoi.com,Vietnamese,Vietnam,https://baomoi-photo-fbcrawler.bmcdn.me/w1200_r16x9/2026_10_02_294_56179060/1aa72cfc9cb775e92ca6.jpg,Vietnam,"(haze OR smog OR jerebu OR karhutla OR ""forest fire"" OR wildfire OR ""PM2.5"" OR หมอกควัน OR ไฟป่า OR ""khói mù"" OR ""cháy rừng"") sourcecountry:vietnam",https://baomoi.com/thai-nguyen-phat-hien-lap-ho-so-206-vu-vi-pham-ve-lam-san-c56179060.epi,th i nguy n ph t hi n l p h s 206 v vi ph m v l m s n
Only 1 area with unhealthy air quality as haze clears,https://www.freemalaysiatoday.com/category/nation/2026/10/02/only-1-area-with-unhealthy-air-quality-as-haze-clears,2026-10-02 02:00:00+00:00,freemalaysiatoday.com,English,Malaysia,"https://www.freemalaysiatoday.com/cdn-cgi/image/quality=75,format=auto,fit=cover,dpr=1,width=1200,height=630,gravity=center/https://media.freemalaysiatoday.com/wp-content/uploads/2025/10/048d628a-kl-skyline-resize-bernamapic-121025.webp",Malaysia,"(haze OR smog OR jerebu OR karhutla OR ""forest fire"" OR wildfire OR ""PM2.5"" OR หมอกควัน OR ไฟป่า OR ""khói mù"" OR ""cháy rừng"") sourcecountry:malaysia",https://www.freemalaysiatoday.com/category/nation/2026/10/02/only-1-area-with-unhealthy-air-quality-as-haze-clears,only 1 area with unhealthy air quality as haze clears
"Jerebu beransur pulih , hanya 1 kawasan tidak sihat",https://www.freemalaysiatoday.com/category/bahasa/tempatan/2026/10/02/jerebu-beransur-pulih-hanya-1-kawasan-tidak-sihat,2026-10-02 02:00:00+00:00,freemalaysiatoday.com,Malay,Malaysia,"https://www.freemalaysiatoday.com/cdn-cgi/image/quality=75,format=auto,fit=cover,dpr=1,width=1200,height=630,gravity=center/https://media.freemalaysiatoday.com/wp-content/uploads/2025/10/048d628a-kl-skyline-resize-bernamapic-121025.webp",Malaysia,"(haze OR smog OR jerebu OR karhutla OR ""forest fire"" OR wildfire OR ""PM2.5"" OR หมอกควัน OR ไฟป่า OR ""khói mù"" OR ""cháy rừng"") sourcecountry:malaysia",https://www.freemalaysiatoday.com/category/bahasa/tempatan/2026/10/02/jerebu-beransur-pulih-hanya-1-kawasan-tidak-sihat,jerebu beransur pulih hanya 1 kawasan tidak sihat
Tiếng gọi từ Dốc Miếu,https://baomoi.com/tieng-goi-tu-doc-mieu-c56177705.epi,2026-10-02 00:00:00+00:00,baomoi.com,Vietnamese,Vietnam,https://baomoi-photo-fbcrawler.bmcdn.me/w1200_r16x9/2026_10_02_16_56177705/765388183853d10d8842.jpg,Vietnam,"(haze OR smog OR jerebu OR karhutla OR ""forest fire"" OR wildfire OR ""PM2.5"" OR หมอกควัน OR ไฟป่า OR ""khói mù"" OR ""cháy rừng"") sourcecountry:vietnam",https://baomoi.com/tieng-goi-tu-doc-mieu-c56177705.epi,ti ng g i t d c mi u
2026年10月02日 星期五 听新闻简报,https://www.zaobao.com.sg/specials/the-audio-brief/20261002,2026-10-02 00:00:00+00:00,zaobao.com.sg,Chinese,Singapore,https://dss0.zbstatic5.com/s3fs-public/2025-08/lianhe-zaobao-963haofm-the-audio-brief-cover.png,Singapore,"(haze OR smog OR jerebu OR karhutla OR ""forest fire"" OR wildfire OR ""PM2.5"" OR หมอกควัน OR ไฟป่า OR ""khói mù"" OR ""cháy rừng"") sourcecountry:singapore",https://www.zaobao.com.sg/specials/the-audio-brief/20261002,2026 10 02
烟霾料飘向我国 未来24小时PSI料介于适中至轻微不健康,https://www.zaobao.com.sg/news/singapore/story20261001-9768798,2026-10-01 14:45:00+00:00,zaobao.com.sg,Chinese,Singapore,https://cassette.sphdigital.com.sg/image/zaobao/d777947487ed7bdf8e379652a6e2716e91e6fbdce2387da908c6ac7a9732589f,Singapore,"(haze OR smog OR jerebu OR karhutla OR ""forest fire"" OR wildfire OR ""PM2.5"" OR หมอกควัน OR ไฟป่า OR ""khói mù"" OR ""cháy rừng"") sourcecountry:singapore",https://www.zaobao.com.sg/news/singapore/story20261001-9768798,24 psi
Haze update Oct 1 : Singapore enters October with PSI forecast to reach low - unhealthy range,https://www.asiaone.com/singapore/haze-singapore-psi-forecast-1-october,2026-10-01 13:00:00+00:00,asiaone.com,English,Singapore,https://www.asiaone.com/sites/default/files/styles/article_top_image/public/original_images/Oct2026/Singapore%20PSI%20forecast%201%20October.JPG?itok=D8kAzMXw,Singapore,"(haze OR smog OR jerebu OR karhutla OR ""forest fire"" OR wildfire OR ""PM2.5"" OR หมอกควัน OR ไฟป่า OR ""khói mù"" OR ""cháy rừng"") sourcecountry:singapore",https://www.asiaone.com/singapore/haze-singapore-psi-forecast-1-october,haze update oct 1 singapore enters october with psi forecast to reach low unhealthy range
Haze disrupts flights at Palangka Raya Airport as visibility falls,https://en.antaranews.com/news/433757/haze-disrupts-flights-at-palangka-raya-airport-as-visibility-falls,2026-10-01 12:15:00+00:00,en.antaranews.com,English,Indonesia,https://cdn.antaranews.com/cache/1200x800/2026/10/01/1001887599.jpg,Indonesia,"(haze OR smog OR jerebu OR karhutla OR ""forest fire"" OR wildfire OR ""PM2.5"" OR หมอกควัน OR ไฟป่า OR ""khói mù"" OR ""cháy rừng"") sourcecountry:indonesia",https://en.antaranews.com/news/433757/haze-disrupts-flights-at-palangka-raya-airport-as-visibility-falls,haze disrupts flights at palangka raya airport as visibility falls
"Jerebu : Shah Alam catat penurunan IPU terbesar , Johan Setia masih tertinggi",https://www.astroawani.com/berita-malaysia/jerebu-shah-alam-catat-penurunan-ipu-terbesar-johan-setia-masih-tertinggi,2026-10-01 11:00:00+00:00,astroawani.com,Malay,Malaysia,https://media.astroawani.com/awani/media/article/2023/Aug/16/41692176395_tbGENERICSHAHALAM.jpg,Malaysia,"(haze OR smog OR jerebu OR karhutla OR ""forest fire"" OR wildfire OR ""PM2.5"" OR หมอกควัน OR ไฟป่า OR ""khói mù"" OR ""cháy rừng"") sourcecountry:malaysia",https://www.astroawani.com/berita-malaysia/jerebu-shah-alam-catat-penurunan-ipu-terbesar-johan-setia-masih-tertinggi,jerebu shah alam catat penurunan ipu terbesar johan setia masih tertinggi
"Đại tướng Phan Văn Giang đề nghị Thái Nguyên sử dụng hiệu quả nguồn lực tài chính , ngân sách",https://thanhtra.com.vn/80-nam-quoc-hoi-viet-nam-972001A44/dai-tuong-phan-van-giang-de-nghi-thai-nguyen-su-dung-hieu-qua-nguon-luc-tai-chinh-ngan-sach-980157bd7.html,2026-10-01 11:00:00+00:00,thanhtra.com.vn,Vietnamese,Vietnam,https://media.thanhtra.com.vn/public/uploads/2026/10/01/6abe055a25a4fa0980157be2.jpg,Vietnam,"(haze OR smog OR jerebu OR karhutla OR ""forest fire"" OR wildfire OR ""PM2.5"" OR หมอกควัน OR ไฟป่า OR ""khói mù"" OR ""cháy rừng"") sourcecountry:vietnam",https://thanhtra.com.vn/80-nam-quoc-hoi-viet-nam-972001A44/dai-tuong-phan-van-giang-de-nghi-thai-nguyen-su-dung-hieu-qua-nguon-luc-tai-chinh-ngan-sach-980157bd7.html,i t ng phan v n giang ngh th i nguy n s d ng hi u qu ngu n l c t i ch nh ng n s ch
"Thái Lan , Lào , Myanmar kích hoạt Air4Mekong và Bản đồ Rủi ro Cháy rừng",http://vov.vn/the-gioi/thai-lan-lao-myanmar-kich-hoat-air4mekong-va-ban-do-rui-ro-chay-rung-post1337653.vov,2026-10-01 09:30:00+00:00,vov.vn,Vietnamese,Vietnam,https://media.vov.vn/sites/default/files/styles/og_image/public/2026-10/tl4.jpg?v=1790845274,Vietnam,"(haze OR smog OR jerebu OR karhutla OR ""forest fire"" OR wildfire OR ""PM2.5"" OR หมอกควัน OR ไฟป่า OR ""khói mù"" OR ""cháy rừng"") sourcecountry:vietnam",http://vov.vn/the-gioi/thai-lan-lao-myanmar-kich-hoat-air4mekong-va-ban-do-rui-ro-chay-rung-post1337653.vov,th i lan l o myanmar k ch ho t air4mekong v b n r i ro ch y r ng
Decoding Chanel 2026 high jewellery collection of signs and symbols,https://www.straitstimes.com/life/style/chanel-brings-its-2026-high-jewellery-collection-of-signs-symbols-and-lucky-charms-to-singapore,2026-10-01 05:30:00+00:00,straitstimes.com,English,Singapore,https://cassette.sphdigital.com.sg/image/straitstimes/a740dd1d4806d9f2a4d2f16ff4f50565841fdfc8b3a627ce07cb7b69c445a1c7,Singapore,"(haze OR smog OR jerebu OR karhutla OR ""forest fire"" OR wildfire OR ""PM2.5"" OR หมอกควัน OR ไฟป่า OR ""khói mù"" OR ""cháy rừng"") sourcecountry:singapore",https://www.straitstimes.com/life/style/chanel-brings-its-2026-high-jewellery-collection-of-signs-symbols-and-lucky-charms-to-singapore,decoding chanel 2026 high jewellery collection of signs and symbols
Malaysia diramal jerebu hingga Februari,https://www.kosmo.com.my/2026/10/01/malaysia-diramal-jerebu-hingga-februari/,2026-10-01 05:30:00+00:00,kosmo.com.my,Malay,Malaysia,https://www.kosmo.com.my/wp-content/uploads/2026/09/PPG_Jerebu-Kembali003.jpg,Malaysia,"(haze OR smog OR jerebu OR karhutla OR ""forest fire"" OR wildfire OR ""PM2.5"" OR หมอกควัน OR ไฟป่า OR ""khói mù"" OR ""cháy rừng"") sourcecountry:malaysia",https://www.kosmo.com.my/2026/10/01/malaysia-diramal-jerebu-hingga-februari,malaysia diramal jerebu hingga februari
Kuala Lumpur là thành phố ô nhiễm nhất thế giới,https://baomoi.com/kuala-lumpur-la-thanh-pho-o-nhiem-nhat-the-gioi-c56172203.epi,2026-10-01 05:00:00+00:00,baomoi.com,Vietnamese,Vietnam,https://baomoi-photo-fbcrawler.bmcdn.me/w1200_r16x9/2026_10_01_125_56172203/4d4d8dce3d85d4db8d94.jpg,Vietnam,"(haze OR smog OR jerebu OR karhutla OR ""forest fire"" OR wildfire OR ""PM2.5"" OR หมอกควัน OR ไฟป่า OR ""khói mù"" OR ""cháy rừng"") sourcecountry:vietnam",https://baomoi.com/kuala-lumpur-la-thanh-pho-o-nhiem-nhat-the-gioi-c56172203.epi,kuala lumpur l th nh ph nhi m nh t th gi i
Haze watch : Air quality improves as PSI returns to moderate levels across Singapore,https://www.asiaone.com:443/singapore/haze-singapore-psi-moderate-1-october,2026-10-01 03:30:00+00:00,asiaone.com,English,Singapore,https://www.asiaone.com/sites/default/files/styles/article_top_image/public/original_images/Oct2026/Singapore%20psi%20moderate%20-%2030%20September.jpg?itok=CVkjUIYi,Singapore,"(haze OR smog OR jerebu OR karhutla OR ""forest fire"" OR wildfire OR ""PM2.5"" OR หมอกควัน OR ไฟป่า OR ""khói mù"" OR ""cháy rừng"") sourcecountry:singapore",https://www.asiaone.com:443/singapore/haze-singapore-psi-moderate-1-october,haze watch air quality improves as psi returns to moderate levels across singapore
Cách bảo vệ hệ hô hấp cho trẻ những ngày sương mù - Báo VnExpress,https://vnexpress.net/cach-bao-ve-he-ho-hap-cho-tre-nhung-ngay-suong-mu-5126883.html,2026-10-01 03:00:00+00:00,vnexpress.net,Vietnamese,Vietnam,https://vcdn1-suckhoe.vnecdn.net/2026/10/01/image001-1790814859-9778-1790814908.jpg?&q=100&dpr=1&fit=crop&s=EKBl009qduAD9UIyLpWYMg,Vietnam,"(haze OR smog OR jerebu OR karhutla OR ""forest fire"" OR wildfire OR ""PM2.5"" OR หมอกควัน OR ไฟป่า OR ""khói mù"" OR ""cháy rừng"") sourcecountry:vietnam",https://vnexpress.net/cach-bao-ve-he-ho-hap-cho-tre-nhung-ngay-suong-mu-5126883.html,c ch b o v h h h p cho tr nh ng ng y s ng m b o vnexpress
"Jerebu makin pulih , 8 kawasan catat IPU tak sihat",https://www.freemalaysiatoday.com/category/bahasa/tempatan/2026/10/01/jerebu-makin-pulih-8-kawasan-catat-ipu-tak-sihat,2026-10-01 02:45:00+00:00,freemalaysiatoday.com,Malay,Malaysia,"https://www.freemalaysiatoday.com/cdn-cgi/image/quality=75,format=auto,fit=cover,dpr=1,width=1200,height=630,gravity=center/https://media.freemalaysiatoday.com/v3/2026/09/cb29c481-fa23-4484-8adb-db45d2cd1938-Haze-Ipu-tidak-sihat-KL-Jerebu-Bani-150920263.webp",Malaysia,"(haze OR smog OR jerebu OR karhutla OR ""forest fire"" OR wildfire OR ""PM2.5"" OR หมอกควัน OR ไฟป่า OR ""khói mù"" OR ""cháy rừng"") sourcecountry:malaysia",https://www.freemalaysiatoday.com/category/bahasa/tempatan/2026/10/01/jerebu-makin-pulih-8-kawasan-catat-ipu-tak-sihat,jerebu makin pulih 8 kawasan catat ipu tak sihat
"Khách Hà Nội chi 500 . 000 đồng , vượt 130km ngắm hoàng hôn đẹp như tranh vẽ",https://baomoi.com/khach-ha-noi-chi-500-000-dong-vuot-130km-ngam-hoang-hon-dep-nhu-tranh-ve-c56169362.epi,2026-10-01 02:45:00+00:00,baomoi.com,Vietnamese,Vietnam,https://baomoi-photo-fbcrawler.bmcdn.me/w1200_r16x9/2026_10_01_23_56169362/dbad610fd144381a6155.jpg,Vietnam,"(haze OR smog OR jerebu OR karhutla OR ""forest fire"" OR wildfire OR ""PM2.5"" OR หมอกควัน OR ไฟป่า OR ""khói mù"" OR ""cháy rừng"") sourcecountry:vietnam",https://baomoi.com/khach-ha-noi-chi-500-000-dong-vuot-130km-ngam-hoang-hon-dep-nhu-tranh-ve-c56169362.epi,kh ch h n i chi 500 000 ng v t 130km ng m ho ng h n p nh tranh v
Preparing for El Nino : A guide for Malaysians,https://www.thestar.com.my/starpicks/2026/10/01/preparing-for-el-nino-a-guide-for-malaysians,2026-10-01 01:15:00+00:00,thestar.com.my,English,Malaysia,https://apicms.thestar.com.my/uploads/images/2026/10/01/4138730.jpg,Malaysia,"(haze OR smog OR jerebu OR karhutla OR ""forest fire"" OR wildfire OR ""PM2.5"" OR หมอกควัน OR ไฟป่า OR ""khói mù"" OR ""cháy rừng"") sourcecountry:malaysia",https://www.thestar.com.my/starpicks/2026/10/01/preparing-for-el-nino-a-guide-for-malaysians,preparing for el nino a guide for malaysians
酷热烟霾天频用冷气 SP Group教你冷气保养省电攻略,https://www.zaobao.com.sg/lifestyle/life-hacks/story20261001-9683791,2026-10-01 00:15:00+00:00,zaobao.com.sg,Chinese,Singapore,https://cassette.sphdigital.com.sg/image/zaobao/2b064f18bc92118998058f626d9aca5c5ca1deccd5daf8fbcf0998eecb27d182,Singapore,"(haze OR smog OR jerebu OR karhutla OR ""forest fire"" OR wildfire OR ""PM2.5"" OR หมอกควัน OR ไฟป่า OR ""khói mù"" OR ""cháy rừng"") sourcecountry:singapore",https://www.zaobao.com.sg/lifestyle/life-hacks/story20261001-9683791,sp group
New releases a leap forward for endangered frog in southern California,https://news.mongabay.com/2026/09/new-releases-a-leap-forward-for-endangered-frog-in-southern-california/,2026-09-30 22:45:00+00:00,news.mongabay.com,English,Indonesia,https://imgs.mongabay.com/wp-content/uploads/sites/20/2026/09/30104452/Image-3_-Adult-southern-mountain-yellow-legged-frogs-inside-tank-at-L.A.-Zoo-bio-secure-amphibian-headstarting-facility_photo-co-1200x800.jpg,Indonesia,"(haze OR smog OR jerebu OR karhutla OR ""forest fire"" OR wildfire OR ""PM2.5"" OR หมอกควัน OR ไฟป่า OR ""khói mù"" OR ""cháy rừng"") sourcecountry:indonesia",https://news.mongabay.com/2026/09/new-releases-a-leap-forward-for-endangered-frog-in-southern-california,new releases a leap forward for endangered frog in southern california
RI awards military honor to 361 Japan disaster relief personnel,https://en.antaranews.com/news/433611/ri-awards-military-honor-to-361-japan-disaster-relief-personnel,2026-09-30 13:45:00+00:00,en.antaranews.com,English,Indonesia,https://cdn.antaranews.com/cache/1200x800/2026/09/30/WhatsApp-Image-2026-09-30-at-16.01.16.jpeg,Indonesia,"(haze OR smog OR jerebu OR karhutla OR ""forest fire"" OR wildfire OR ""PM2.5"" OR หมอกควัน OR ไฟป่า OR ""khói mù"" OR ""cháy rừng"") sourcecountry:indonesia",https://en.antaranews.com/news/433611/ri-awards-military-honor-to-361-japan-disaster-relief-personnel,ri awards military honor to 361 japan disaster relief personnel
"Haze update Sept 30 : Air quality improves after thundery showers , 24 - hour PSI forecast moderate to low - unhealthy",https://www.asiaone.com/singapore/singapore-psi-forecast-30-september,2026-09-30 13:15:00+00:00,asiaone.com,English,Singapore,https://media.asiaone.com/sites/default/files/styles/article_top_image/public/original_images/Sep2026/Singapore%20haze%20PSI%20forecast%2030%20September.jpg?itok=bBG4v2s8,Singapore,"(haze OR smog OR jerebu OR karhutla OR ""forest fire"" OR wildfire OR ""PM2.5"" OR หมอกควัน OR ไฟป่า OR ""khói mù"" OR ""cháy rừng"") sourcecountry:singapore",https://www.asiaone.com/singapore/singapore-psi-forecast-30-september,haze update sept 30 air quality improves after thundery showers 24 hour psi forecast moderate to low unhealthy
"Malaysia expects F1 , KL Marathon and Le Tour de Langkawi to go ahead despite haze",https://www.asiaone.com/malaysia/f1-kl-marathon-le-tour-de-langkawi-haze,2026-09-30 13:15:00+00:00,asiaone.com,English,Singapore,https://media.asiaone.com/sites/default/files/styles/article_top_image/public/original_images/Sep2026/KLhaze_malaymail%281%29.jpg?itok=T0HLKC3G,Singapore,"(haze OR smog OR jerebu OR karhutla OR ""forest fire"" OR wildfire OR ""PM2.5"" OR หมอกควัน OR ไฟป่า OR ""khói mù"" OR ""cháy rừng"") sourcecountry:singapore",https://www.asiaone.com/malaysia/f1-kl-marathon-le-tour-de-langkawi-haze,malaysia expects f1 kl marathon and le tour de langkawi to go ahead despite haze
Ukraine thay  mắt thần  kép cho tên lửa FP - 7 . x  chọi  Iskander Nga,https://baomoi.com/ukraine-thay-mat-than-kep-cho-ten-lua-fp-7-x-choi-iskander-nga-c56164280.epi,2026-09-30 07:15:00+00:00,baomoi.com,Vietnamese,Vietnam,https://baomoi-photo-fbcrawler.bmcdn.me/w1200_r16x9/2026_09_30_23_56164280/2232e5d5559ebcc0e58f.jpg,Vietnam,"(haze OR smog OR jerebu OR karhutla OR ""forest fire"" OR wildfire OR ""PM2.5"" OR หมอกควัน OR ไฟป่า OR ""khói mù"" OR ""cháy rừng"") sourcecountry:vietnam",https://baomoi.com/ukraine-thay-mat-than-kep-cho-ten-lua-fp-7-x-choi-iskander-nga-c56164280.epi,ukraine thay m t th n k p cho t n l a fp 7 x ch i iskander nga
2026年09月30日 星期三 听新闻简报,https://www.zaobao.com.sg/specials/the-audio-brief/20260930,2026-09-30 01:15:00+00:00,zaobao.com.sg,Chinese,Singapore,https://dss0.zbstatic5.com/s3fs-public/2025-08/lianhe-zaobao-963haofm-the-audio-brief-cover.png,Singapore,"(haze OR smog OR jerebu OR karhutla OR ""forest fire"" OR wildfire OR ""PM2.5"" OR หมอกควัน OR ไฟป่า OR ""khói mù"" OR ""cháy rừng"") sourcecountry:singapore",https://www.zaobao.com.sg/specials/the-audio-brief/20260930,2026 09 30
"Once staunchly pro - China , Malaysian Chinese businesses are now distancing themselves from Beijing",https://www.businesstimes.com.sg/international/once-staunchly-pro-china-malaysian-chinese-businesses-are-now-distancing-themselves-beijing,2026-09-30 00:45:00+00:00,businesstimes.com.sg,English,Singapore,https://cassette.sphdigital.com.sg/image/businesstimes/8f366ea119ab53cedd5d794b7fc125132d8419ccd811a28a06be5f5487427b92?&f=webp,Singapore,"(haze OR smog OR jerebu OR karhutla OR ""forest fire"" OR wildfire OR ""PM2.5"" OR หมอกควัน OR ไฟป่า OR ""khói mù"" OR ""cháy rừng"") sourcecountry:singapore",https://www.businesstimes.com.sg/international/once-staunchly-pro-china-malaysian-chinese-businesses-are-now-distancing-themselves-beijing,once staunchly pro china malaysian chinese businesses are now distancing themselves from beijing
研究 ： PM2 . 5浓度越高 哮喘及慢阻肺急诊风险越大,https://www.zaobao.com.sg/news/singapore/story20260929-9756670,2026-09-29 14:45:00+00:00,zaobao.com.sg,Chinese,Singapore,https://cassette.sphdigital.com.sg/image/zaobao/9b3bb1421b9b28061661fb5a9636da8ffe45ec464dc16bd720fbff3a39e0dc68,Singapore,"(haze OR smog OR jerebu OR karhutla OR ""forest fire"" OR wildfire OR ""PM2.5"" OR หมอกควัน OR ไฟป่า OR ""khói mù"" OR ""cháy rừng"") sourcecountry:singapore",https://www.zaobao.com.sg/news/singapore/story20260929-9756670,pm2 5
"Jerebu : Sungai Petani masuk kategori tidak sihat , Samalaju kembali sederhana",https://www.astroawani.com/berita-malaysia/jerebu-sungai-petani-masuk-kategori-tidak-sihat-samalaju-kembali-sederhana,2026-09-29 11:45:00+00:00,astroawani.com,Malay,Malaysia,https://media.astroawani.com/awani/media/uploads/image/2026-08/TB_SARAWAK%20JEREBU_BERNAMA_0.jpg?VersionId=T1Bahy9HRZYAOYEvPslCnNygl0dI8NuR,Malaysia,"(haze OR smog OR jerebu OR karhutla OR ""forest fire"" OR wildfire OR ""PM2.5"" OR หมอกควัน OR ไฟป่า OR ""khói mù"" OR ""cháy rừng"") sourcecountry:malaysia",https://www.astroawani.com/berita-malaysia/jerebu-sungai-petani-masuk-kategori-tidak-sihat-samalaju-kembali-sederhana,jerebu sungai petani masuk kategori tidak sihat samalaju kembali sederhana
"Y tế xanh mở dư địa tiết kiệm , nâng hiệu quả vận hành",https://baomoi.com/y-te-xanh-mo-du-dia-tiet-kiem-nang-hieu-qua-van-hanh-c56158541.epi,2026-09-29 11:45:00+00:00,baomoi.com,Vietnamese,Vietnam,https://baomoi-photo-fbcrawler.bmcdn.me/w1200_r16x9/2026_09_29_94_56158541/51adb4f103baeae4b3ab.jpg,Vietnam,"(haze OR smog OR jerebu OR karhutla OR ""forest fire"" OR wildfire OR ""PM2.5"" OR หมอกควัน OR ไฟป่า OR ""khói mù"" OR ""cháy rừng"") sourcecountry:vietnam",https://baomoi.com/y-te-xanh-mo-du-dia-tiet-kiem-nang-hieu-qua-van-hanh-c56158541.epi,y t xanh m d a ti t ki m n ng hi u qu v n h nh
Haze update Sept 29 : Air quality improves slightly ; Singapore 24 - hour PSI forecast to be in high - moderate to low - unhealthy range,https://www.asiaone.com/singapore/singapore-haze-air-quality-psi-forecast-moderate-unhealthy-29-september,2026-09-29 11:30:00+00:00,asiaone.com,English,Singapore,https://www.asiaone.com/sites/default/files/styles/article_top_image/public/original_images/Sep2026/Singapore%20haze%20air%20pollution%20quality%20moderate%20to%20unhealthy.jpg?itok=v9CqJdju,Singapore,"(haze OR smog OR jerebu OR karhutla OR ""forest fire"" OR wildfire OR ""PM2.5"" OR หมอกควัน OR ไฟป่า OR ""khói mù"" OR ""cháy rừng"") sourcecountry:singapore",https://www.asiaone.com/singapore/singapore-haze-air-quality-psi-forecast-moderate-unhealthy-29-september,haze update sept 29 air quality improves slightly singapore 24 hour psi forecast to be in high moderate to low unhealthy range
"Theo chân người trẻ tìm nơi ở , dòng tiền bất động sản chảy về đâu ? ",https://baomoi.com/theo-chan-nguoi-tre-tim-noi-o-dong-tien-bat-dong-san-chay-ve-dau-c56157194.epi,2026-09-29 09:30:00+00:00,baomoi.com,Vietnamese,Vietnam,https://baomoi-photo-fbcrawler.bmcdn.me/w1200_r16x9/2026_09_29_119_56157194/d59cbed0099be0c5b98a.jpg,Vietnam,"(haze OR smog OR jerebu OR karhutla OR ""forest fire"" OR wildfire OR ""PM2.5"" OR หมอกควัน OR ไฟป่า OR ""khói mù"" OR ""cháy rừng"") sourcecountry:vietnam",https://baomoi.com/theo-chan-nguoi-tre-tim-noi-o-dong-tien-bat-dong-san-chay-ve-dau-c56157194.epi,theo ch n ng i tr t m n i d ng ti n b t ng s n ch y v u
Vì sao mắt khô rát ? - Báo VnExpress,https://vnexpress.net/vi-sao-mat-kho-rat-5126151.html,2026-09-29 08:30:00+00:00,vnexpress.net,Vietnamese,Vietnam,https://vcdn1-suckhoe.vnecdn.net/2026/09/29/xem-dien-thoai2-1790655404-4371-1790655417.png?&q=100&dpr=1&fit=crop&s=nqWjyyIJaunO9X7hlRW6ww,Vietnam,"(haze OR smog OR jerebu OR karhutla OR ""forest fire"" OR wildfire OR ""PM2.5"" OR หมอกควัน OR ไฟป่า OR ""khói mù"" OR ""cháy rừng"") sourcecountry:vietnam",https://vnexpress.net/vi-sao-mat-kho-rat-5126151.html,v sao m t kh r t b o vnexpress
"Jerebu : IPU Serian kekal tertinggi , kualiti udara semakin merosot",https://www.astroawani.com/berita-malaysia/jerebu-ipu-serian-kekal-tertinggi-kualiti-udara-semakin-merosot,2026-09-29 07:00:00+00:00,astroawani.com,Malay,Malaysia,https://media.astroawani.com/awani/media/uploads/image/2026-09/TB_Serian%20Jerebu_ASTRO%20AWANI.jpg?VersionId=XQsC_tSYd14NMwFPj6CCb68NcizFNcKe,Malaysia,"(haze OR smog OR jerebu OR karhutla OR ""forest fire"" OR wildfire OR ""PM2.5"" OR หมอกควัน OR ไฟป่า OR ""khói mù"" OR ""cháy rừng"") sourcecountry:malaysia",https://www.astroawani.com/berita-malaysia/jerebu-ipu-serian-kekal-tertinggi-kualiti-udara-semakin-merosot,jerebu ipu serian kekal tertinggi kualiti udara semakin merosot
Indonesia seeks wider community share in forest carbon trade,https://en.antaranews.com/news/433363/indonesia-seeks-wider-community-share-in-forest-carbon-trade,2026-09-29 07:00:00+00:00,en.antaranews.com,English,Indonesia,https://cdn.antaranews.com/cache/1200x800/2026/09/29/795732a8-c861-4c22-8125-6fbfa58c0b6d.jpeg,Indonesia,"(haze OR smog OR jerebu OR karhutla OR ""forest fire"" OR wildfire OR ""PM2.5"" OR หมอกควัน OR ไฟป่า OR ""khói mù"" OR ""cháy rừng"") sourcecountry:indonesia",https://en.antaranews.com/news/433363/indonesia-seeks-wider-community-share-in-forest-carbon-trade,indonesia seeks wider community share in forest carbon trade
"Singapore air quality worsens , all regions record unhealthy levels",https://www.freemalaysiatoday.com/category/world/2026/09/29/singapore-s-air-quality-worsens-all-regions-record-unhealthy-levels,2026-09-29 06:15:00+00:00,freemalaysiatoday.com,English,Malaysia,"https://www.freemalaysiatoday.com/cdn-cgi/image/quality=80,format=auto,fit=cover,dpr=1,width=1200,height=630,gravity=center/https://media.freemalaysiatoday.com/v3/2026/09/3d2e8dc2-36b6-4d70-97d7-275922af335a-Singapore-haze.jpg",Malaysia,"(haze OR smog OR jerebu OR karhutla OR ""forest fire"" OR wildfire OR ""PM2.5"" OR หมอกควัน OR ไฟป่า OR ""khói mù"" OR ""cháy rừng"") sourcecountry:malaysia",https://www.freemalaysiatoday.com/category/world/2026/09/29/singapore-s-air-quality-worsens-all-regions-record-unhealthy-levels,singapore air quality worsens all regions record unhealthy levels
Jaco Muller turned his 15 - year - old son idea into 197 rhino births,https://news.mongabay.com/short-article/2026/09/jaco-muller-turned-his-15-year-old-sons-idea-into-197-rhino-births/,2026-09-29 04:45:00+00:00,news.mongabay.com,English,Indonesia,https://imgs.mongabay.com/wp-content/uploads/sites/20/2026/09/29030505/jaco-muller-1200x800.jpg,Indonesia,"(haze OR smog OR jerebu OR karhutla OR ""forest fire"" OR wildfire OR ""PM2.5"" OR หมอกควัน OR ไฟป่า OR ""khói mù"" OR ""cháy rừng"") sourcecountry:indonesia",https://news.mongabay.com/short-article/2026/09/jaco-muller-turned-his-15-year-old-sons-idea-into-197-rhino-births,jaco muller turned his 15 year old son idea into 197 rhino births
"Haze in Singapore : Air quality in all five regions unhealthy , PM2 . 5 readings elevated across island",https://www.thestar.com.my/aseanplus/aseanplus-news/2026/09/29/haze-in-singapore-air-quality-in-all-five-regions-unhealthy-pm25-readings-elevated-across-island,2026-09-29 04:15:00+00:00,thestar.com.my,English,Malaysia,https://apicms.thestar.com.my/uploads/images/2026/09/29/4135217.png,Malaysia,"(haze OR smog OR jerebu OR karhutla OR ""forest fire"" OR wildfire OR ""PM2.5"" OR หมอกควัน OR ไฟป่า OR ""khói mù"" OR ""cháy rừng"") sourcecountry:malaysia",https://www.thestar.com.my/aseanplus/aseanplus-news/2026/09/29/haze-in-singapore-air-quality-in-all-five-regions-unhealthy-pm25-readings-elevated-across-island,haze in singapore air quality in all five regions unhealthy pm2 5 readings elevated across island
Haze watch : Air quality worsens in Singapore as PSI hits unhealthy range in all 5 regions,https://www.asiaone.com/singapore/haze-singapore-psi-unhealthy-29-september,2026-09-29 03:30:00+00:00,asiaone.com,English,Singapore,https://www.asiaone.com/sites/default/files/styles/article_top_image/public/original_images/Sep2026/Unhealthy%20PSI%20Singapore.jpg?itok=ARx26rQ-,Singapore,"(haze OR smog OR jerebu OR karhutla OR ""forest fire"" OR wildfire OR ""PM2.5"" OR หมอกควัน OR ไฟป่า OR ""khói mù"" OR ""cháy rừng"") sourcecountry:singapore",https://www.asiaone.com/singapore/haze-singapore-psi-unhealthy-29-september,haze watch air quality worsens in singapore as psi hits unhealthy range in all 5 regions
"Khói mù bao phủ Singapore , chất lượng không khí giảm",https://www.sggp.org.vn/khoi-mu-bao-phu-singapore-chat-luong-khong-khi-giam-post873934.html,2026-09-29 02:15:00+00:00,sggp.org.vn,Vietnamese,Vietnam,https://image.sggp.org.vn/1200x630/Uploaded/2026/cqjwqqjwp/2026_09_29/screenshot-2026-09-29-at-072015-8696-2087.png.webp,Vietnam,"(haze OR smog OR jerebu OR karhutla OR ""forest fire"" OR wildfire OR ""PM2.5"" OR หมอกควัน OR ไฟป่า OR ""khói mù"" OR ""cháy rừng"") sourcecountry:vietnam",https://www.sggp.org.vn/khoi-mu-bao-phu-singapore-chat-luong-khong-khi-giam-post873934.html,kh i m bao ph singapore ch t l ng kh ng kh gi m
Peatland agency revival tests commitment to curb unchecked conversion - Politics,http://www.thejakartapost.com/indonesia/2026/09/29/peatland-agency-revival-tests-commitment-to-curb-unchecked-conversion,2026-09-29 01:00:00+00:00,thejakartapost.com,English,Indonesia,https://img.jakpost.net/c/2026/07/21/2026_07_21_177844_1784612474._large.jpg,Indonesia,"(haze OR smog OR jerebu OR karhutla OR ""forest fire"" OR wildfire OR ""PM2.5"" OR หมอกควัน OR ไฟป่า OR ""khói mù"" OR ""cháy rừng"") sourcecountry:indonesia",http://www.thejakartapost.com/indonesia/2026/09/29/peatland-agency-revival-tests-commitment-to-curb-unchecked-conversion,peatland agency revival tests commitment to curb unchecked conversion politics
Justice in the choking haze - Editorial - The Jakarta Post,http://www.thejakartapost.com/opinion/2026/09/29/justice-in-the-choking-haze,2026-09-29 01:00:00+00:00,thejakartapost.com,English,Indonesia,https://img.jakpost.net/c/2026/09/25/2026_09_25_180075_1790337262._large.jpg,Indonesia,"(haze OR smog OR jerebu OR karhutla OR ""forest fire"" OR wildfire OR ""PM2.5"" OR หมอกควัน OR ไฟป่า OR ""khói mù"" OR ""cháy rừng"") sourcecountry:indonesia",http://www.thejakartapost.com/opinion/2026/09/29/justice-in-the-choking-haze,justice in the choking haze editorial the jakarta post
Siêu El Nino đánh thẳng vào túi tiền người Đông Nam Á,https://baomoi.com/sieu-el-nino-danh-thang-vao-tui-tien-nguoi-dong-nam-a-c56152614.epi,2026-09-28 23:30:00+00:00,baomoi.com,Vietnamese,Vietnam,https://baomoi-photo-fbcrawler.bmcdn.me/w1200_r16x9/2026_09_29_119_56152614/d12053abe4e00dbe54f1.jpg,Vietnam,"(haze OR smog OR jerebu OR karhutla OR ""forest fire"" OR wildfire OR ""PM2.5"" OR หมอกควัน OR ไฟป่า OR ""khói mù"" OR ""cháy rừng"") sourcecountry:vietnam",https://baomoi.com/sieu-el-nino-danh-thang-vao-tui-tien-nguoi-dong-nam-a-c56152614.epi,si u el nino nh th ng v o t i ti n ng i ng nam
"Không phải Thái Lan , một đối thủ của sầu riêng Việt Nam gặp khó chồng khó : Số cây ra hoa giảm 60 %, vụ thu hoạch đứng trước nguy cơ chậm trễ",https://cafebiz.vn/khong-phai-thai-lan-mot-doi-thu-cua-sau-rieng-viet-nam-gap-kho-chong-kho-so-cay-ra-hoa-giam-60-vu-thu-hoach-dung-truoc-nguy-co-cham-tre-176260928195843043.chn,2026-09-28 17:30:00+00:00,cafebiz.vn,Vietnamese,Vietnam,,Vietnam,"(haze OR smog OR jerebu OR karhutla OR ""forest fire"" OR wildfire OR ""PM2.5"" OR หมอกควัน OR ไฟป่า OR ""khói mù"" OR ""cháy rừng"") sourcecountry:vietnam",https://cafebiz.vn/khong-phai-thai-lan-mot-doi-thu-cua-sau-rieng-viet-nam-gap-kho-chong-kho-so-cay-ra-hoa-giam-60-vu-thu-hoach-dung-truoc-nguy-co-cham-tre-176260928195843043.chn,kh ng ph i th i lan m t i th c a s u ri ng vi t nam g p kh ch ng kh s c y ra hoa gi m 60 v thu ho ch ng tr c nguy c ch m tr
Plantation stocks face El Nino reality check – MPOC,https://www.mpoc.org.my/plantation-stocks-face-el-nino-reality-check/,2026-09-28 12:15:00+00:00,mpoc.org.my,English,Malaysia,,Malaysia,"(haze OR smog OR jerebu OR karhutla OR ""forest fire"" OR wildfire OR ""PM2.5"" OR หมอกควัน OR ไฟป่า OR ""khói mù"" OR ""cháy rừng"") sourcecountry:malaysia",https://www.mpoc.org.my/plantation-stocks-face-el-nino-reality-check,plantation stocks face el nino reality check mpoc
东南亚跨境烟雾难散 区域致力协同破局 | 国际,https://www.orientaldaily.com.my/news/international/2026/09/28/850999,2026-09-28 07:00:00+00:00,orientaldaily.com.my,Chinese,Malaysia,https://www.orientaldaily.com.my/storage/resize_cache/images/uploads/news-cover/000_C8VG7GW.jpg/6aeecfcb66ea3bbe5156d618472be14b.jpg,Malaysia,"(haze OR smog OR jerebu OR karhutla OR ""forest fire"" OR wildfire OR ""PM2.5"" OR หมอกควัน OR ไฟป่า OR ""khói mù"" OR ""cháy rừng"") sourcecountry:malaysia",https://www.orientaldaily.com.my/news/international/2026/09/28/850999,
Haze in Spore : Air quality returns to moderate levels,https://www.straitstimes.com/singapore/haze-in-spore-air-quality-returns-to-moderate-levels,2026-09-28 06:30:00+00:00,straitstimes.com,English,Singapore,https://cassette.sphdigital.com.sg/image/straitstimes/319c3dc1fe4de8bd057c892fbbcb773f60db8fe1b2073cc4a2041cd62edf7797,Singapore,"(haze OR smog OR jerebu OR karhutla OR ""forest fire"" OR wildfire OR ""PM2.5"" OR หมอกควัน OR ไฟป่า OR ""khói mù"" OR ""cháy rừng"") sourcecountry:singapore",https://www.straitstimes.com/singapore/haze-in-spore-air-quality-returns-to-moderate-levels,haze in spore air quality returns to moderate levels
"Jerebu : Serian terus catat IPU tidak sihat , Kuching tertinggi kategori sederhana",https://www.astroawani.com/berita-malaysia/jerebu-serian-terus-catat-ipu-tidak-sihat-kuching-tertinggi-kategori-sederhana,2026-09-28 04:15:00+00:00,astroawani.com,Malay,Malaysia,https://media.astroawani.com/awani/media/uploads/image/2026-09/TB_Jerebu%20Serian_BERNAMA.jpg?VersionId=JzSpnC0CLyDmi0odTJ1bRK5mw9xtWVvC,Malaysia,"(haze OR smog OR jerebu OR karhutla OR ""forest fire"" OR wildfire OR ""PM2.5"" OR หมอกควัน OR ไฟป่า OR ""khói mù"" OR ""cháy rừng"") sourcecountry:malaysia",https://www.astroawani.com/berita-malaysia/jerebu-serian-terus-catat-ipu-tidak-sihat-kuching-tertinggi-kategori-sederhana,jerebu serian terus catat ipu tidak sihat kuching tertinggi kategori sederhana
Riau reports zero active forest and land fires,https://en.antaranews.com/news/433085/riau-reports-zero-active-forest-and-land-fires,2026-09-27 16:00:00+00:00,en.antaranews.com,English,Indonesia,https://cdn.antaranews.com/cache/1200x800/2026/09/27/1000739247.jpg,Indonesia,"(haze OR smog OR jerebu OR karhutla OR ""forest fire"" OR wildfire OR ""PM2.5"" OR หมอกควัน OR ไฟป่า OR ""khói mù"" OR ""cháy rừng"") sourcecountry:indonesia",https://en.antaranews.com/news/433085/riau-reports-zero-active-forest-and-land-fires,riau reports zero active forest and land fires
"Cây cảnh lá như sương khói , hoa tựa mật ngọt , trồng trong sân tài lộc vững bền , vàng bạc đầy nhà",https://vietgiaitri.com/cay-canh-la-nhu-suong-khoi-hoa-tua-mat-ngot-trong-trong-san-tai-loc-vung-ben-vang-bac-day-nha-20260927i7780614/,2026-09-27 06:45:00+00:00,vietgiaitri.com,Vietnamese,Vietnam,https://t.vietgiaitri.com/2026/9/9/cay-canh-la-nhu-suong-khoi-hoa-tua-mat-ngot-trong-trong-san-tai-loc-vung-ben-vang-bac-day-nha-800x576-00e-7780614.webp,Vietnam,"(haze OR smog OR jerebu OR karhutla OR ""forest fire"" OR wildfire OR ""PM2.5"" OR หมอกควัน OR ไฟป่า OR ""khói mù"" OR ""cháy rừng"") sourcecountry:vietnam",https://vietgiaitri.com/cay-canh-la-nhu-suong-khoi-hoa-tua-mat-ngot-trong-trong-san-tai-loc-vung-ben-vang-bac-day-nha-20260927i7780614,c y c nh l nh s ng kh i hoa t a m t ng t tr ng trong s n t i l c v ng b n v ng b c y nh
"Cây cảnh lá như sương khói , hoa tựa mật ngọt , trồng ở sân tài lộc vững bền",https://kienthuc.net.vn/cay-canh-la-nhu-suong-khoi-hoa-tua-mat-ngot-trong-o-san-tai-loc-vung-ben-post1635074.html,2026-09-27 05:15:00+00:00,kienthuc.net.vn,Vietnamese,Vietnam,https://cdn.kienthuc.net.vn/images/Q7VCE_QXpzTfer-7B4OtOtY7UPHwB13E3AGLmruDlW6GNNycAJ_23Hjv0620tqfs4ogy70hkWiuraIelPi3hR8LNmhd50gFauxDE9Xkf0VUvJJNgmPxfgb_8HO-pdQ-8/043344043335oai-huong-bong-cay-canh-mh-1648.jpg.webp,Vietnam,"(haze OR smog OR jerebu OR karhutla OR ""forest fire"" OR wildfire OR ""PM2.5"" OR หมอกควัน OR ไฟป่า OR ""khói mù"" OR ""cháy rừng"") sourcecountry:vietnam",https://kienthuc.net.vn/cay-canh-la-nhu-suong-khoi-hoa-tua-mat-ngot-trong-o-san-tai-loc-vung-ben-post1635074.html,c y c nh l nh s ng kh i hoa t a m t ng t tr ng s n t i l c v ng b n
"Haze watch : Air quality in Singapore deteriorates overnight , unhealthy PSI in 3 regions",https://www.asiaone.com/singapore/haze-singapore-air-quality-unhealthy-27-september,2026-09-27 02:30:00+00:00,asiaone.com,English,Singapore,https://www.asiaone.com/sites/default/files/styles/article_top_image/public/original_images/Sep2026/Unhealthy%20air%20quality%20PSI%20Singapore%2027%20September_watermarked.png?itok=TEvsEST9,Singapore,"(haze OR smog OR jerebu OR karhutla OR ""forest fire"" OR wildfire OR ""PM2.5"" OR หมอกควัน OR ไฟป่า OR ""khói mù"" OR ""cháy rừng"") sourcecountry:singapore",https://www.asiaone.com/singapore/haze-singapore-air-quality-unhealthy-27-september,haze watch air quality in singapore deteriorates overnight unhealthy psi in 3 regions
